5.8S	74	75	Gm	100.0	.	74	75	0	2	4.545454545454546
18S	26	27	Am	100.0	.	26	27	0	7	1.1382113821138211
18S	98	99	Am	100.0	.	98	99	0	4	0.6504065040650406
18S	115	116	Um	100.0	.	115	116	0	11	1.788617886178862
18S	120	121	Um	100.0	.	120	121	0	11	1.788617886178862
18S	158	159	Am	100.0	.	158	159	0	3	0.4878048780487805
18S	171	172	Um	100.0	.	171	172	0	3	0.4878048780487805
18S	173	174	Cm	100.0	.	173	174	0	3	0.4878048780487805
18S	461	462	Cm	100.0	.	461	462	0	5	0.8130081300813009
18S	483	484	Am	100.0	.	483	484	0	20	3.2520325203252036
18S	508	509	Gm	100.0	.	508	509	0	15	2.4390243902439024
18S	511	512	Am	100.0	.	511	512	0	10	1.6260162601626018
18S	575	576	Am	100.0	.	575	576	0	15	2.4390243902439024
18S	589	590	Am	100.0	.	589	590	0	11	1.788617886178862
18S	626	627	Um	100.0	.	626	627	0	15	2.4390243902439024
18S	643	644	Gm	100.0	.	643	644	0	21	3.414634146341464
18S	667	668	Am	100.0	.	667	668	0	2	0.3252032520325203
18S	796	797	Cm	100.0	.	796	797	0	20	3.2520325203252036
18S	798	799	Um	100.0	.	798	799	0	14	2.2764227642276422
18S	866	867	Gm	100.0	.	866	867	0	22	3.577235772357724
18S	1247	1248	m1acp3Y	100.0	.	1247	1248	0	8	1.3008130081300813
18S	1271	1272	Cm	100.0	.	1271	1272	0	20	3.2520325203252036
18S	1287	1288	Um	100.0	.	1287	1288	0	12	1.951219512195122
18S	1325	1326	Ym	100.0	.	1325	1326	0	5	0.8130081300813009
18S	1327	1328	Gm	100.0	.	1327	1328	0	5	0.8130081300813009
18S	1441	1442	Um	100.0	.	1441	1442	0	17	2.7642276422764227
18S	1446	1447	Gm	100.0	.	1446	1447	0	17	2.7642276422764227
18S	1489	1490	Gm	100.0	.	1489	1490	0	6	0.975609756097561
18S	1702	1703	Cm	100.0	.	1702	1703	0	8	1.3008130081300813
18S	1803	1804	Um	100.0	.	1803	1804	0	14	2.2764227642276422
28S	1315	1316	Gm	100.0	.	1315	1316	0	17	1.6536964980544748
28S	1321	1322	m1A	100.0	.	1321	1322	0	2	0.19455252918287938
28S	1322	1323	Am	100.0	.	1322	1323	0	2	0.19455252918287938
28S	1325	1326	Am	100.0	.	1325	1326	0	2	0.19455252918287938
28S	1339	1340	Cm	100.0	.	1339	1340	0	17	1.6536964980544748
28S	1521	1522	Gm	100.0	.	1521	1522	0	35	3.404669260700389
28S	1523	1524	Am	100.0	.	1523	1524	0	35	3.404669260700389
28S	1533	1534	Am	100.0	.	1533	1534	0	3	0.2918287937743191
28S	1624	1625	Gm	100.0	.	1624	1625	0	3	0.2918287937743191
28S	1772	1773	Um	100.0	.	1772	1773	0	8	0.7782101167315175
28S	2362	2363	Am	100.0	.	2362	2363	0	4	0.38910505836575876
28S	2363	2364	Gm	100.0	.	2363	2364	0	4	0.38910505836575876
28S	2364	2365	Cm	100.0	.	2364	2365	0	4	0.38910505836575876
28S	2414	2415	Um	100.0	.	2414	2415	0	8	0.7782101167315175
28S	2421	2422	Cm	100.0	.	2421	2422	0	3	0.2918287937743191
28S	2423	2424	Gm	100.0	.	2423	2424	0	3	0.2918287937743191
28S	2786	2787	Am	100.0	.	2786	2787	0	25	2.4319066147859925
28S	2803	2804	Cm	100.0	.	2803	2804	0	5	0.48638132295719844
28S	2814	2815	Am	100.0	.	2814	2815	0	8	0.7782101167315175
28S	2823	2824	Cm	100.0	.	2823	2824	0	8	0.7782101167315175
28S	3723	3724	Am	100.0	.	3723	3724	0	4	0.38910505836575876
28S	3759	3760	Am	100.0	.	3759	3760	0	11	1.0700389105058365
28S	3781	3782	m5C	100.0	.	3781	3782	0	18	1.7509727626459144
28S	3784	3785	Am	100.0	.	3784	3785	0	18	1.7509727626459144
28S	3791	3792	Gm	100.0	.	3791	3792	0	35	3.404669260700389
28S	3807	3808	Cm	100.0	.	3807	3808	0	25	2.4319066147859925
28S	3829	3830	Am	100.0	.	3829	3830	0	3	0.2918287937743191
28S	3840	3841	Cm	100.0	.	3840	3841	0	10	0.9727626459143969
28S	3866	3867	Am	100.0	.	3866	3867	0	3	0.2918287937743191
28S	3898	3899	Gm	100.0	.	3898	3899	0	3	0.2918287937743191
28S	3924	3925	Um	100.0	.	3924	3925	0	7	0.6809338521400778
28S	4041	4042	Gm	100.0	.	4041	4042	0	6	0.5836575875486382
28S	4053	4054	Cm	100.0	.	4053	4054	0	10	0.9727626459143969
28S	4226	4227	Um	100.0	.	4226	4227	0	4	0.38910505836575876
28S	4227	4228	Gm	100.0	.	4227	4228	0	4	0.38910505836575876
28S	4455	4456	Cm	100.0	.	4455	4456	0	15	1.4591439688715953
28S	4497	4498	Um	100.0	.	4497	4498	0	19	1.8482490272373542
28S	4498	4499	Gm	100.0	.	4498	4499	0	19	1.8482490272373542
28S	4522	4523	Am	100.0	.	4522	4523	0	10	0.9727626459143969
28S	4589	4590	Am	100.0	.	4589	4590	0	2	0.19455252918287938
28S	4617	4618	Gm	100.0	.	4617	4618	0	8	0.7782101167315175
28S	4619	4620	Um	100.0	.	4619	4620	0	14	1.3618677042801557
28S	4622	4623	Gm	100.0	.	4622	4623	0	14	1.3618677042801557
